"National Dex","Pokemon Name","Generation","Type","HP","Attack","Defense","Special Attack","Special Defense","Speed","Total","Type I","Type II","Ability I","Ability II","Hidden Ability","Height (m)","Weight (kg)","Experience Value","Experience Growth","Evolution Method","",""
"1","Bulbasaur","1","Starter","45","49","49","65","65","45","318","Grass","Poison","Overgrow","","Chlorophyll","0.7","6.9","64","Med Slow","Lv. 16","",""
"2","Ivysaur","1","Starter","60","62","63","80","80","60","405","Grass","Poison","Overgrow","","Chlorophyll","1","13","142","Med Slow","Lv. 32","",""
"3","Venusaur","1","Starter","80","82","83","100","100","80","525","Grass","Poison","Overgrow","","Chlorophyll","2","100","263","Med Slow","","",""
"3.1","Venusaur (Mega)","6","Starter, Mega Evolution","80","100","123","122","120","80","625","Grass","Poison","Thick Fat","","","2.4","155.5","313","Med Slow","","",""
"4","Charmander","1","Starter","39","52","43","60","50","65","309","Fire","","Blaze","","Solar Power","0.6","8.5","62","Med Slow","Lv. 16","",""
"5","Charmeleon","1","Starter","58","64","58","80","65","80","405","Fire","","Blaze","","Solar Power","1.1","19","142","Med Slow","Lv. 36","",""
"6","Charizard","1","Starter","78","84","78","109","85","100","534","Fire","Flying","Blaze","","Solar Power","1.7","90.5","267","Med Slow","","",""
"6.1","Charizard (Mega X)","6","Starter, Mega Evolution","78","130","111","130","85","100","634","Fire","Dragon","Tough Claws","","","1.7","110.5","317","Med Slow","","",""
"6.2","Charizard (Mega Y)","6","Starter, Mega Evolution","78","104","78","159","115","100","634","Fire","Flying","Drought","","","1.7","100.5","317","Med Slow","","",""
"7","Squirtle","1","Starter","44","48","65","60","54","43","314","Water","","Torrent","","Rain Dish","0.5","9","63","Med Slow","Lv. 16","",""
"8","Wartortle","1","Starter","59","63","80","65","80","58","405","Water","","Torrent","","Rain Dish","1","22.5","142","Med Slow","Lv. 36","",""
"9","Blastoise","1","Starter","79","83","100","85","105","78","530","Water","","Torrent","","Rain Dish","1.6","85.5","265","Med Slow","","",""
"9.1","Blastoise (Mega)","6","Starter, Mega Evolution","79","103","120","135","115","78","630","Water","","Mega Launcher","","","1.6","101.1","315","Med Slow","","",""
"10","Caterpie","1","","45","30","35","20","20","45","195","Bug","","Shield Dust","","Run Away","0.3","2.9","39","Med Fast","Lv. 7","",""
"11","Metapod","1","","50","20","55","25","25","30","205","Bug","","Shed Skin","","","0.7","9.9","72","Med Fast","Lv. 10","",""
"12","Butterfree","1","","60","45","50","90","80","70","395","Bug","Flying","Compoundeyes","","Tinted Lens","1.1","32","178","Med Fast","","",""
"13","Weedle","1","","40","35","30","20","20","50","195","Bug","Poison","Shield Dust","","Run Away","0.3","3.2","39","Med Fast","Lv. 7","",""
"14","Kakuna","1","","45","25","50","25","25","35","205","Bug","Poison","Shed Skin","","","0.6","10","72","Med Fast","Lv. 10","",""
"15","Beedrill","1","","65","90","40","40","80","75","390","Bug","Poison","Swarm","","Sniper","1","29.5","178","Med Fast","Lv. 10","",""
"15.1","Beedrill (Mega)","6","Mega Evolution","65","150","40","15","80","145","495","Bug","Poison","Adaptability","","","1.4","40.5","248","Med Fast","","",""
"16","Pidgey","1","","40","45","40","35","35","56","251","Normal","Flying","Keen Eye","Tangled Feet","Big Pecks","0.3","1.8","50","Med Slow","Lv. 18","",""
"17","Pidgeotto","1","","63","60","55","50","50","71","349","Normal","Flying","Keen Eye","Tangled Feet","Big Pecks","1.1","30","122","Med Slow","Lv. 36","",""
"18","Pidgeot","1","","83","80","75","70","70","91","469","Normal","Flying","Keen Eye","Tangled Feet","Big Pecks","1.5","39.5","240","Med Slow","Lv. 36","",""
"18.1","Pidgeot (Mega)","6","Mega Evolution","83","80","80","135","80","121","579","Normal","Flying","No Guard","","","2.2","50.5","290","Med Slow","","",""
"19","Rattata","1","","30","56","35","25","35","72","253","Normal","","Run Away","Guts","Hustle","0.3","3.5","51","Med Fast","Lv. 20","",""
"19.1","Rattata (Alolan)","7","Alolan Form","30","56","35","25","35","72","253","Dark","Normal","Gluttony","Hustle","Thick Fat","0.3","3.8","51","Med Fast","Lv. 20 (Night)","",""
"20","Raticate","1","","55","81","60","50","70","97","413","Normal","","Run Away","Guts","Hustle","0.7","18.5","145","Med Fast","","",""
"20.1","Raticate (Alolan)","7","Alolan Form","75","71","70","40","80","77","413","Dark","Normal","Gluttony","Hustle","Thick Fat","0.7","25.5","145","Med Fast","","",""
"21","Spearow","1","","40","60","30","31","31","70","262","Normal","Flying","Keen Eye","","Sniper","0.3","2","52","Med Fast","Lv. 20","",""
"22","Fearow","1","","65","90","65","61","61","100","442","Normal","Flying","Keen Eye","","Sniper","1.2","38","155","Med Fast","","",""
"23","Ekans","1","","30","60","44","40","54","55","283","Poison","","Intimidate","Shed Skin","Unnerve","2","6.9","58","Med Fast","Lv. 22","",""
"24","Arbok","1","","60","95","69","65","79","80","448","Poison","","Intimidate","Shed Skin","Unnerve","3.5","65","157","Med Fast","","",""
"25","Pikachu","1","","35","55","40","50","50","90","320","Electric","","Static","","Lightningrod","0.4","6","112","Med Fast","Thunder Stone","",""
"26","Raichu","1","","60","90","55","90","80","110","485","Electric","","Static","","Lightningrod","0.8","30","243","Med Fast","","",""
"26.1","Raichu (Alolan)","7","Alolan Form","60","85","50","95","85","110","485","Electric","Psychic","Surge Surfer","","","0.7","21","243","Med Fast","","",""
"27","Sandshrew","1","","50","75","85","20","30","40","300","Ground","","Sand Veil","","Sand Rush","0.6","12","60","Med Fast","Lv. 22","",""
"27.1","Sandshrew (Alolan)","7","Alolan Form","50","75","90","10","35","40","300","Ice","Steel","Snow Cloak","","Slush Rush","0.7","40","60","Med Fast","Ice Stone","",""
"28","Sandslash","1","","75","100","110","45","55","65","450","Ground","","Sand Veil","","Sand Rush","1","29.5","158","Med Fast","","",""
"28.1","Sandslash (Alolan)","7","Alolan Form","75","100","120","25","65","65","450","Ice","Steel","Snow Cloak","","Slush Rush","1.2","55","158","Med Fast","","",""
"29","Nidoran (Female)","1","","55","47","52","40","40","41","275","Poison","","Poison Point","Rivalry","Hustle","0.4","7","55","Med Slow","Lv. 16","",""
"30","Nidorina","1","","70","62","67","55","55","56","365","Poison","","Poison Point","Rivalry","Hustle","0.8","20","128","Med Slow","Moon Stone","",""
"31","Nidoqueen","1","","90","92","87","75","85","76","505","Poison","Ground","Poison Point","Rivalry","Sheer Force","1.3","60","253","Med Slow","","",""
"32","Nidoran (Male)","1","","46","57","40","40","40","50","273","Poison","","Poison Point","Rivalry","Hustle","0.5","9","55","Med Slow","Lv. 16","",""
"33","Nidorino","1","","61","72","57","55","55","65","365","Poison","","Poison Point","Rivalry","Hustle","0.9","19.5","128","Med Slow","Moon Stone","",""
"34","Nidoking","1","","81","102","77","85","75","85","505","Poison","Ground","Poison Point","Rivalry","Sheer Force","1.4","62","253","Med Slow","","",""
"35","Clefairy","1","","70","45","48","60","65","35","323","Fairy","","Cute Charm","Magic Guard","Friend Guard","0.6","7.5","113","Fast","Moon Stone","",""
"36","Clefable","1","","95","70","73","95","90","60","483","Fairy","","Cute Charm","Magic Guard","Unaware","1.3","40","242","Fast","","",""
"37","Vulpix","1","","38","41","40","50","65","65","299","Fire","","Flash Fire","","Drought","0.6","9.9","60","Med Fast","Fire Stone","",""
"37.1","Vulpix (Alolan)","7","Alolan Form","38","41","40","50","65","65","299","Ice","","Snow Cloak","","Snow Warning","0.6","9.9","60","Med Fast","Ice Stone","",""
"38","Ninetales","1","","73","76","75","81","100","100","505","Fire","","Flash Fire","","Drought","1.1","19.9","177","Med Fast","","",""
"38.1","Ninetales (Alolan)","7","Alolan Form","73","67","75","81","100","109","505","Ice","Fairy","Snow Cloak","","Snow Warning","1.1","19.9","177","Med Fast","","",""
"39","Jigglypuff","1","","115","45","20","45","25","20","270","Normal","Fairy","Cute Charm","Competitive","Friend Guard","0.5","5.5","95","Fast","Moon Stone","",""
"40","Wigglytuff","1","","140","70","45","85","50","45","435","Normal","Fairy","Cute Charm","Competitive","Frisk","1","12","218","Fast","","",""
"41","Zubat","1","","40","45","35","30","40","55","245","Poison","Flying","Inner Focus","","Infiltrator","0.8","7.5","49","Med Fast","Lv. 22","",""
"42","Golbat","1","","75","80","70","65","75","90","455","Poison","Flying","Inner Focus","","Infiltrator","1.6","55","159","Med Fast","Friendship","",""
"43","Oddish","1","","45","50","55","75","65","30","320","Grass","Poison","Chlorophyll","","Run Away","0.5","5.4","64","Med Slow","Lv. 22","",""
"44","Gloom","1","","60","65","70","85","75","40","395","Grass","Poison","Chlorophyll","","Stench","0.8","8.6","138","Med Slow","Leaf Stone/Sun Stone","",""
"45","Vileplume","1","","75","80","85","110","90","50","490","Grass","Poison","Chlorophyll","","Effect Spore","1.2","18.6","245","Med Slow","","",""
"46","Paras","1","","35","70","55","45","55","25","285","Bug","Grass","Effect Spore","Dry Skin","Damp","0.3","5.4","57","Med Fast","Lv. 24","",""
"47","Parasect","1","","60","95","80","60","80","30","405","Bug","Grass","Effect Spore","Dry Skin","Damp","1","29.5","142","Med Fast","","",""
"48","Venonat","1","","60","55","50","40","55","45","305","Bug","Poison","Compoundeyes","Tinted Lens","Run Away","1","30","61","Med Fast","Lv. 31","",""
"49","Venomoth","1","","70","65","60","90","75","90","450","Bug","Poison","Shield Dust","Tinted Lens","Wonder Skin","1.5","12.5","158","Med Fast","","",""
"50","Diglett","1","","10","55","25","35","45","95","265","Ground","","Sand Veil","Arena Trap","Sand Force","0.2","0.8","53","Med Fast","Lv. 26","",""
"50.1","Diglett (Alolan)","7","Alolan Form","10","55","30","35","45","90","265","Ground","Steel","Sand Veil","Tangling Hair","Sand Force","0.2","1","53","Med Fast","Lv. 26","",""
"51","Dugtrio","1","","35","100","50","50","70","120","425","Ground","","Sand Veil","Arena Trap","Sand Force","0.7","33.3","149","Med Fast","","",""
"51.1","Dugtrio (Alolan)","7","Alolan Form","35","100","60","50","70","110","425","Ground","Steel","Sand Veil","Tangling Hair","Sand Force","0.7","66.6","149","Med Fast","","",""
"52","Meowth","1","","40","45","35","40","40","90","290","Normal","","Pickup","Technician","Unnerve","0.4","4.2","58","Med Fast","Lv. 28","",""
"52.1","Meowth (Alolan)","7","Alolan Form","40","35","35","50","40","90","290","Dark","","Pickup","Technician","Rattled","0.4","4.2","58","Med Fast","Friendship","",""
"52.2","Meowth (Galarian)","8","Galarian Form","50","65","55","40","40","40","290","Steel","","Pickup","Tough Claws","Unnerve","0.4","7.5","58","Med Fast","Lv. 28","",""
"53","Persian","1","","65","70","60","65","65","115","440","Normal","","Limber","Technician","Unnerve","1","32","154","Med Fast","","",""
"53.1","Persian (Alolan)","7","Alolan Form","65","60","60","75","65","115","440","Dark","","Fur Coat","Technician","Rattled","1.1","33","154","Med Fast","","",""
"54","Psyduck","1","","50","52","48","65","50","55","320","Water","","Damp","Cloud Nine","Swift Swim","0.8","19.6","64","Med Fast","Lv. 33","",""
"55","Golduck","1","","80","82","78","95","80","85","500","Water","","Damp","Cloud Nine","Swift Swim","1.7","76.6","175","Med Fast","","",""
"56","Mankey","1","","40","80","35","35","45","70","305","Fighting","","Vital Spirit","Anger Point","Defiant","0.5","28","61","Med Fast","Lv. 28","",""
"57","Primeape","1","","65","105","60","60","70","95","455","Fighting","","Vital Spirit","Anger Point","Defiant","1","32","159","Med Fast","Level Up (After Using Rage Fist 20 Times)","",""
"58","Growlithe","1","","55","70","45","70","50","60","350","Fire","","Intimidate","Flash Fire","Justified","0.7","19","70","Slow","Fire Stone","",""
"58.1","Growlithe (Hisuian)","8","Hisuian Form","60","75","45","65","50","55","350","Fire","Rock","Intimidate","Flash Fire","Rock Head","0.8","22.7","70","Slow","Fire Stone","",""
"59","Arcanine","1","","90","110","80","100","80","95","555","Fire","","Intimidate","Flash Fire","Justified","1.9","155","194","Slow","","",""
"59.1","Arcanine (Hisuian)","8","Hisuian Form","95","115","80","95","80","90","555","Fire","Rock","Intimidate","Flash Fire","Rock Head","2","168","194","Slow","","",""
"60","Poliwag","1","","40","50","40","40","40","90","300","Water","","Water Absorb","Damp","Swift Swim","0.6","12.4","60","Med Slow","Lv. 25","",""
"61","Poliwhirl","1","","65","65","65","50","50","90","385","Water","","Water Absorb","Damp","Swift Swim","1","20","135","Med Slow","Water Stone/Trade (Holding King's Rock)","",""
"62","Poliwrath","1","","90","95","95","70","90","70","510","Water","Fighting","Water Absorb","Damp","Swift Swim","1.3","54","255","Med Slow","","",""
"63","Abra","1","","25","20","15","105","55","90","310","Psychic","","Synchronize","Inner Focus","Magic Guard","0.9","19.5","62","Med Slow","Lv. 16","",""
"64","Kadabra","1","","40","35","30","120","70","105","400","Psychic","","Synchronize","Inner Focus","Magic Guard","1.3","56.5","140","Med Slow","Trade","",""
"65","Alakazam","1","","55","50","45","135","95","120","500","Psychic","","Synchronize","Inner Focus","Magic Guard","1.5","48","250","Med Slow","","",""
"65.1","Alakazam (Mega)","6","Mega Evolution","55","50","65","175","95","150","590","Psychic","","Trace","","","1.2","48","300","Med Slow","","",""
"66","Machop","1","","70","80","50","35","35","35","305","Fighting","","Guts","No Guard","Steadfast","0.8","19.5","61","Med Slow","Lv. 28","",""
"67","Machoke","1","","80","100","70","50","60","45","405","Fighting","","Guts","No Guard","Steadfast","1.5","70.5","142","Med Slow","Trade","",""
"68","Machamp","1","","90","130","80","65","85","55","505","Fighting","","Guts","No Guard","Steadfast","1.6","130","253","Med Slow","","",""
"69","Bellsprout","1","","50","75","35","70","30","40","300","Grass","Poison","Chlorophyll","","Gluttony","0.7","4","60","Med Slow","Lv. 21","",""
"70","Weepinbell","1","","65","90","50","85","45","55","390","Grass","Poison","Chlorophyll","","Gluttony","1","6.4","137","Med Slow","Leaf Stone","",""
"71","Victreebel","1","","80","105","65","100","70","70","490","Grass","Poison","Chlorophyll","","Gluttony","1.7","15.5","245","Med Slow","","",""
"72","Tentacool","1","","40","40","35","50","100","70","335","Water","Poison","Clear Body","Liquid Ooze","Rain Dish","0.9","45.5","67","Slow","Lv. 30","",""
"73","Tentacruel","1","","80","70","65","80","120","100","515","Water","Poison","Clear Body","Liquid Ooze","Rain Dish","1.6","55","180","Slow","","",""
"74","Geodude","1","","40","80","100","30","30","20","300","Rock","Ground","Rock Head","Sturdy","Sand Veil","0.4","20","60","Med Slow","Lv. 25","",""
"74.1","Geodude (Alolan)","7","Alolan Form","40","80","100","30","30","20","300","Rock","Electric","Magnet Pull","Sturdy","Galvanize","0.4","20.3","60","Med Slow","Lv. 25","",""
"75","Graveler","1","","55","95","115","45","45","35","390","Rock","Ground","Rock Head","Sturdy","Sand Veil","1","105","137","Med Slow","Trade","",""
"75.1","Graveler (Alolan)","7","Alolan Form","55","95","115","45","45","35","390","Rock","Electric","Magnet Pull","Sturdy","Galvanize","1","110","137","Med Slow","Trade","",""
"76","Golem","1","","80","120","130","55","65","45","495","Rock","Ground","Rock Head","Sturdy","Sand Veil","1.4","300","248","Med Slow","","",""
"76.1","Golem (Alolan)","7","Alolan Form","80","120","130","55","65","45","495","Rock","Electric","Magnet Pull","Sturdy","Galvanize","1.7","316","248","Med Slow","","",""
"77","Ponyta","1","","50","85","55","65","65","90","410","Fire","","Run Away","Flash Fire","Flame Body","1","30","82","Med Fast","Lv. 40","",""
"77.1","Ponyta (Galarian)","8","Galarian Form","50","85","55","65","65","90","410","Psychic","","Run Away","Pastel Veil","Anticipation","0.8","24","82","Med Fast","Lv. 40","",""
"78","Rapidash","1","","65","100","70","80","80","105","500","Fire","","Run Away","Flash Fire","Flame Body","1.7","95","175","Med Fast","","",""
"78.1","Rapidash (Galarian)","8","Galarian Form","65","100","70","80","80","105","500","Psychic","Fairy","Run Away","Pastel Veil","Anticipation","1.7","80","175","Med Fast","","",""
"79","Slowpoke","1","","90","65","65","40","40","15","315","Water","Psychic","Oblivious","Own Tempo","Regenerator","1.2","36","63","Med Fast","Lv. 37/Trade (Holding King's Rock)","",""
"79.1","Slowpoke (Galarian)","8","Galarian Form","90","65","65","40","40","15","315","Psychic","","Gluttony","Own Tempo","Regenerator","1.2","36","63","Med Fast","Galarica Cuff/Galarica Wreath","",""
"80","Slowbro","1","","95","75","110","100","80","30","490","Water","Psychic","Oblivious","Own Tempo","Regenerator","1.6","78.5","172","Med Fast","","",""
"80.1","Slowbro (Mega)","6","Mega Evolution","95","75","180","130","80","30","590","Water","Psychic","Shell Armor","","","2","120","207","Med Fast","","",""
"80.2","Slowbro (Galarian)","8","Galarian Form","95","100","85","100","70","30","480","Poison","Psychic","Quick Draw","Own Tempo","Regenerator","1.6","70.5","172","Med Fast","","",""
"81","Magnemite","1","","25","35","70","95","55","45","325","Electric","Steel","Magnet Pull","Sturdy","Analytic","0.3","6","65","Med Fast","Lv. 30","",""
"82","Magneton","1","","50","60","95","120","70","70","465","Electric","Steel","Magnet Pull","Sturdy","Analytic","1","60","163","Med Fast","Thunder Stone","",""
"83","Farfetch'd","1","","52","90","55","58","62","60","377","Normal","Flying","Keen Eye","Inner Focus","Defiant","0.8","15","132","Med Fast","","",""
"83.1","Farfetch'd (Galarian)","8","Galarian Form","52","95","55","58","62","55","377","Fighting","","Steadfast","Steadfast","Scrappy","0.8","42","132","Med Fast","3 Critical Hits in 1 Battle","",""
"84","Doduo","1","","35","85","45","35","35","75","310","Normal","Flying","Run Away","Early Bird","Tangled Feet","1.4","39.2","62","Med Fast","Lv. 31","",""
"85","Dodrio","1","","60","110","70","60","60","110","470","Normal","Flying","Run Away","Early Bird","Tangled Feet","1.8","85.2","165","Med Fast","","",""
"86","Seel","1","","65","45","55","45","70","45","325","Water","","Thick Fat","Hydration","Ice Body","1.1","90","65","Med Fast","Lv. 34","",""
"87","Dewgong","1","","90","70","80","70","95","70","475","Water","Ice","Thick Fat","Hydration","Ice Body","1.7","120","166","Med Fast","","",""
"88","Grimer","1","","80","80","50","40","50","25","325","Poison","","Stench","Sticky Hold","Poison Touch","0.9","30","65","Med Fast","Lv. 38","",""
"88.1","Grimer (Alolan)","7","Alolan Form","80","80","50","40","50","25","325","Poison","Dark","Poison Touch","Gluttony","Power of Alchemy","0.7","42","65","Med Fast","Lv. 38","",""
"89","Muk","1","","105","105","75","65","100","50","500","Poison","","Stench","Sticky Hold","Poison Touch","1.2","30","175","Med Fast","","",""
"89.1","Muk (Alolan)","7","Alolan Form","105","105","75","65","100","50","500","Poison","Dark","Poison Touch","Gluttony","Power of Alchemy","1","52","175","Med Fast","","",""
"90","Shellder","1","","30","65","100","45","25","40","305","Water","","Shell Armor","Skill Link","Overcoat","0.3","4","61","Slow","Water Stone","",""
"91","Cloyster","1","","50","95","180","85","45","70","525","Water","Ice","Shell Armor","Skill Link","Overcoat","1.5","132.5","184","Slow","","",""
"92","Gastly","1","","30","35","30","100","35","80","310","Ghost","Poison","Levitate","","","1.3","0.1","62","Med Slow","Lv. 25","",""
"93","Haunter","1","","45","50","45","115","55","95","405","Ghost","Poison","Levitate","","","1.6","0.1","142","Med Slow","Trade","",""
"94","Gengar","1","","60","65","60","130","75","110","500","Ghost","Poison","Cursed Body","","","1.5","40.5","250","Med Slow","","",""
"94.1","Gengar (Mega)","6","Mega Evolution","60","65","80","170","95","130","600","Ghost","Poison","Shadow Tag","","","1.4","40.5","300","Med Slow","","",""
"95","Onix","1","","35","45","160","30","45","70","385","Rock","Ground","Rock Head","Sturdy","Weak Armor","8.8","210","77","Med Fast","Trade (Holding Metal Coat)","",""
"96","Drowzee","1","","60","48","45","43","90","42","328","Psychic","","Insomnia","Forewarn","Inner Focus","1","32.4","66","Med Fast","Lv. 26","",""
"97","Hypno","1","","85","73","70","73","115","67","483","Psychic","","Insomnia","Forewarn","Inner Focus","1.6","75.6","169","Med Fast","","",""
"98","Krabby","1","","30","105","90","25","25","50","325","Water","","Hyper Cutter","Shell Armor","Sheer Force","0.4","6.5","65","Med Fast","Lv. 28","",""
"99","Kingler","1","","55","130","115","50","50","75","475","Water","","Hyper Cutter","Shell Armor","Sheer Force","1.3","60","166","Med Fast","","",""
"100","Voltorb","1","","40","30","50","55","55","100","330","Electric","","Soundproof","Static","Aftermath","0.5","10.4","66","Med Fast","Lv. 30","",""
"100.1","Voltorb (Hisuian)","8","Hisuian Form","40","30","50","55","55","100","330","Electric","Grass","Soundproof","Static","Aftermath","0.5","13","66","Med Fast","Leaf Stone","",""
"101","Electrode","1","","60","50","70","80","80","150","490","Electric","","Soundproof","Static","Aftermath","1.2","66.6","172","Med Fast","","",""
"101.1","Electrode (Hisuian)","8","Hisuian Form","60","50","70","80","80","150","490","Electric","Grass","Soundproof","Static","Aftermath","1.2","71","172","Med Fast","","",""
"102","Exeggcute","1","","60","40","80","60","45","40","325","Grass","Psychic","Chlorophyll","","Harvest","0.4","2.5","65","Slow","Leaf Stone","",""
"103","Exeggutor","1","","95","95","85","125","75","55","530","Grass","Psychic","Chlorophyll","","Harvest","2","120","186","Slow","","",""
"103.1","Exeggutor (Alolan)","7","Alolan Form","95","105","85","125","75","45","530","Grass","Dragon","Frisk","","Harvest","10.9","415.6","186","Slow","","",""
"104","Cubone","1","","50","50","95","40","50","35","320","Ground","","Rock Head","Lightningrod","Battle Armor","0.4","6.5","64","Med Fast","Lv. 28/Lv. 28 (Night)","",""
"105","Marowak","1","","60","80","110","50","80","45","425","Ground","","Rock Head","Lightningrod","Battle Armor","1","45","149","Med Fast","","",""
"105.1","Marowak (Alolan)","7","Alolan Form","60","80","110","50","80","45","425","Fire","Ghost","Cursed Body","Lightningrod","Rock Head","1","34","149","Med Fast","","",""
"106","Hitmonlee","1","","50","120","53","35","110","87","455","Fighting","","Limber","Reckless","Unburden","1.5","49.8","159","Med Fast","","",""
"107","Hitmonchan","1","","50","105","79","35","110","76","455","Fighting","","Keen Eye","Iron Fist","Inner Focus","1.4","50.2","159","Med Fast","","",""
"108","Lickitung","1","","90","55","75","60","75","30","385","Normal","","Own Tempo","Oblivious","Cloud Nine","1.2","65.5","77","Med Fast","Level Up (Knowing Rollout)","",""
"109","Koffing","1","","40","65","95","60","45","35","340","Poison","","Levitate","Neutralizing Gas","Stench","0.6","1","68","Med Fast","Lv. 35","",""
"110","Weezing","1","","65","90","120","85","70","60","490","Poison","","Levitate","Neutralizing Gas","Stench","1.2","9.5","172","Med Fast","","",""
"110.1","Weezing (Galarian)","8","Galarian Form","65","90","120","85","70","60","490","Poison","Fairy","Levitate","Neutralizing Gas","Misty Surge","3","16","172","Med Fast","","",""
"111","Rhyhorn","1","","80","85","95","30","30","25","345","Ground","Rock","Lightningrod","Rock Head","Reckless","1","115","69","Slow","Lv. 42","",""
"112","Rhydon","1","","105","130","120","45","45","40","485","Ground","Rock","Lightningrod","Rock Head","Reckless","1.9","120","170","Slow","Trade (Holding Protector)","",""
"113","Chansey","1","","250","5","5","35","105","50","450","Normal","","Natural Cure","Serene Grace","Healer","1.1","34.6","395","Fast","Friendship","",""
"114","Tangela","1","","65","55","115","100","40","60","435","Grass","","Chlorophyll","Leaf Guard","Regenerator","1","35","87","Med Fast","Level Up (Knowing Ancient Power)","",""
"115","Kangaskhan","1","","105","95","80","40","80","90","490","Normal","","Early Bird","Scrappy","Inner Focus","2.2","80","172","Med Fast","","",""
"115.1","Kangaskhan (Mega)","6","Mega Evolution","105","125","100","60","100","100","590","Normal","","Parental Bond","","","2.2","100","207","Med Fast","","",""
"116","Horsea","1","","30","40","70","70","25","60","295","Water","","Swift Swim","Sniper","Damp","0.4","8","59","Med Fast","Lv. 32","",""
"117","Seadra","1","","55","65","95","95","45","85","440","Water","","Poison Point","Sniper","Damp","1.2","25","154","Med Fast","Trade (Holding Dragon Scale)","",""
"118","Goldeen","1","","45","67","60","35","50","63","320","Water","","Swift Swim","Water Veil","Lightningrod","0.6","15","64","Med Fast","Lv. 33","",""
"119","Seaking","1","","80","92","65","65","80","68","450","Water","","Swift Swim","Water Veil","Lightningrod","1.3","39","158","Med Fast","","",""
"120","Staryu","1","","30","45","55","70","55","85","340","Water","","Illuminate","Natural Cure","Analytic","0.8","34.5","68","Slow","Water Stone","",""
"121","Starmie","1","","60","75","85","100","85","115","520","Water","Psychic","Illuminate","Natural Cure","Analytic","1.1","80","182","Slow","","",""
"122","Mr. Mime","1","","40","45","65","100","120","90","460","Psychic","Fairy","Soundproof","Filter","Technician","1.3","54.5","161","Med Fast","","",""
"122.1","Mr. Mime (Galarian)","8","Galarian Form","50","65","65","90","90","100","460","Ice","Psychic","Vital Spirit","Screen Cleaner","Ice Body","1.4","56.8","161","Med Fast","Lv. 42","",""
"123","Scyther","1","","70","110","80","55","80","105","500","Bug","Flying","Swarm","Technician","Steadfast","1.5","56","100","Med Fast","Trade (Holding Metal Coat)/Black Augurite","",""
"124","Jynx","1","","65","50","35","115","95","95","455","Ice","Psychic","Oblivious","Forewarn","Dry Skin","1.4","40.6","159","Med Fast","","",""
"125","Electabuzz","1","","65","83","57","95","85","105","490","Electric","","Static","","Vital Spirit","1.1","30","172","Med Fast","Trade (Holding Electrizer)","",""
"126","Magmar","1","","65","95","57","100","85","93","495","Fire","","Flame Body","","Vital Spirit","1.3","44.5","173","Med Fast","Trade (Holding Magmarizer)","",""
"127","Pinsir","1","","65","125","100","55","70","85","500","Bug","","Hyper Cutter","Mold Breaker","Moxie","1.5","55","175","Slow","","",""
"127.1","Pinsir (Mega)","6","Mega Evolution","65","155","120","65","90","105","600","Bug","Flying","Aerilate","","","1.7","59","210","Slow","","",""
"128","Tauros","1","","75","100","95","40","70","110","490","Normal","","Intimidate","Anger Point","Sheer Force","1.4","88.4","172","Slow","","",""
"128.1","Tauros (Paldean, Combat)","9","Paldean Form","75","110","105","30","70","100","490","Fighting","","Intimidate","Anger Point","Cud Chew","1.4","115","172","Slow","","",""
"128.2","Tauros (Paldean, Blaze)","9","Paldean Form","75","110","105","30","70","100","490","Fighting","Fire","Intimidate","Anger Point","Cud Chew","1.4","85","172","Slow","","",""
"128.3","Tauros (Paldean, Aqua)","9","Paldean Form","75","110","105","30","70","100","490","Fighting","Water","Intimidate","Anger Point","Cud Chew","1.4","110","172","Slow","","",""
"129","Magikarp","1","","20","10","55","15","20","80","200","Water","","Swift Swim","","Rattled","0.9","10","40","Slow","Lv. 20","",""
"130","Gyarados","1","","95","125","79","60","100","81","540","Water","Flying","Intimidate","","Moxie","6.5","235","189","Slow","","",""
"130.1","Gyarados (Mega)","6","Mega Evolution","95","155","109","70","130","81","640","Water","Dark","Mold Breaker","","","6.5","305","224","Slow","","",""
"131","Lapras","1","","130","85","80","85","95","60","535","Water","Ice","Water Absorb","Shell Armor","Hydration","2.5","220","187","Slow","","",""
"132","Ditto","1","","48","48","48","48","48","48","288","Normal","","Limber","","Imposter","0.3","4","101","Med Fast","","",""
"133","Eevee","1","","55","55","50","45","65","55","325","Normal","","Run Away","Adaptability","Anticipation","0.3","6.5","65","Med Fast","Stone (Water/Thunder/Fire/Leaf/Ice)/Friendhsip (Day/Night/Fairy Move)","",""
"134","Vaporeon","1","Eeveelution","130","65","60","110","95","65","525","Water","","Water Absorb","","Hydration","1","29","184","Med Fast","","",""
"135","Jolteon","1","Eeveelution","65","65","60","110","95","130","525","Electric","","Volt Absorb","","Quick Feet","0.8","24.5","184","Med Fast","","",""
"136","Flareon","1","Eeveelution","65","130","60","95","110","65","525","Fire","","Flash Fire","","Guts","0.9","25","184","Med Fast","","",""
"137","Porygon","1","","65","60","70","85","75","40","395","Normal","","Trace","Download","Analytic","0.8","36.5","79","Med Fast","Trade (Holding Up-Grade)","",""
"138","Omanyte","1","Fossil","35","40","100","90","55","35","355","Rock","Water","Swift Swim","Shell Armor","Weak Armor","0.4","7.5","71","Med Fast","Lv. 40","",""
"139","Omastar","1","Fossil","70","60","125","115","70","55","495","Rock","Water","Swift Swim","Shell Armor","Weak Armor","1","35","173","Med Fast","","",""
"140","Kabuto","1","Fossil","30","80","90","55","45","55","355","Rock","Water","Swift Swim","Battle Armor","Weak Armor","0.5","11.5","71","Med Fast","Lv. 40","",""
"141","Kabutops","1","Fossil","60","115","105","65","70","80","495","Rock","Water","Swift Swim","Battle Armor","Weak Armor","1.3","40.5","173","Med Fast","","",""
"142","Aerodactyl","1","Fossil","80","105","65","60","75","130","515","Rock","Flying","Rock Head","Pressure","Unnerve","1.8","59","180","Slow","","",""
"142.1","Aerodactyl (Mega)","6","Mega Evolution","80","135","85","70","95","150","615","Rock","Flying","Tough Claws","","","2.1","79","215","Slow","","",""
"143","Snorlax","1","","160","110","65","65","110","30","540","Normal","","Immunity","Thick Fat","Gluttony","2.1","460","189","Slow","","",""
"144","Articuno","1","Legendary","90","85","100","95","125","85","580","Ice","Flying","Pressure","","Snow Cloak","1.7","55.4","290","Slow","","",""
"144.1","Articuno (Galarian)","8","Legendary, Galarian Form","90","85","85","125","100","95","580","Psychic","Flying","Competitive","","","1.7","50.9","290","Slow","","",""
"145","Zapdos","1","Legendary","90","90","85","125","90","100","580","Electric","Flying","Pressure","","Static","1.6","52.6","290","Slow","","",""
"145.1","Zapdos (Galarian)","8","Legendary, Galarian Form","90","125","90","85","90","100","580","Fighting","Flying","Defiant","","","1.6","58.2","290","Slow","","",""
"146","Moltres","1","Legendary","90","100","90","125","85","90","580","Fire","Flying","Pressure","","Flame Body","2","60","290","Slow","","",""
"146.1","Moltres (Galarian)","8","Legendary, Galarian Form","90","85","90","100","125","90","580","Dark","Flying","Berserk","","","2","66","290","Slow","","",""
"147","Dratini","1","Pseudo Legendary","41","64","45","50","50","50","300","Dragon","","Shed Skin","","Marvel Scale","1.8","3.3","60","Slow","Lv. 30","",""
"148","Dragonair","1","Pseudo Legendary","61","84","65","70","70","70","420","Dragon","","Shed Skin","","Marvel Scale","4","16.5","147","Slow","Lv. 55","",""
"149","Dragonite","1","Pseudo Legendary","91","134","95","100","100","80","600","Dragon","Flying","Inner Focus","","Multiscale","2.2","210","300","Slow","","",""
"150","Mewtwo","1","Special","106","110","90","154","90","130","680","Psychic","","Pressure","","Unnerve","2","122","340","Slow","","",""
"150.1","Mewtwo (Mega X)","6","Special, Mega Evolution","106","190","100","154","100","130","780","Psychic","Fighting","Steadfast","","","2.3","127","390","Slow","","",""
"150.2","Mewtwo (Mega Y)","6","Special, Mega Evolution","106","150","70","194","120","140","780","Psychic","","Insomnia","","","1.5","33","390","Slow","","",""
"151","Mew","1","Mythical","100","100","100","100","100","100","600","Psychic","","Synchronize","","","0.4","4","300","Med Slow","","",""